,job-id,date,network,branch,binary,username,commit_hash,jenkins-link,github-link
0,434,2020/04/15 22:04:35,mainnet,s3,True,Leo Chen,76c1ec3e89b7ff57666eea25167729896862991a,http://jenkins.harmony.one/job/harmony-release/434/,https://github.com/harmony-one/harmony/commit/
1,433,2020/04/14 13:14:36,pangaea,t3,False,john-harmony,e28c942aa0d482de3e846abc8465ada309354735,http://jenkins.harmony.one/job/harmony-release/433/,https://github.com/harmony-one/harmony/commit/
2,432,2020/04/14 13:12:09,pangaea,t3,True,john-harmony,e28c942aa0d482de3e846abc8465ada309354735,http://jenkins.harmony.one/job/harmony-release/432/,https://github.com/harmony-one/harmony/commit/
3,431,2020/04/12 17:27:57,partner,t3,False,Daniel Van Der Maden,030eaaf481fa8760ee53b84ce9922f41684cb447,http://jenkins.harmony.one/job/harmony-release/431/,https://github.com/harmony-one/harmony/commit/
4,430,2020/04/12 17:25:52,partner,t3,True,Daniel Van Der Maden,030eaaf481fa8760ee53b84ce9922f41684cb447,http://jenkins.harmony.one/job/harmony-release/430/,https://github.com/harmony-one/harmony/commit/
5,429,2020/04/10 21:49:02,stressnet,master,False,Daniel Van Der Maden,e9e1a37cc7a6e99734ef9b2968a2b0c7dcd99b14,http://jenkins.harmony.one/job/harmony-release/429/,https://github.com/harmony-one/harmony/commit/
6,428,2020/04/10 21:46:16,stressnet,master,True,Daniel Van Der Maden,e9e1a37cc7a6e99734ef9b2968a2b0c7dcd99b14,http://jenkins.harmony.one/job/harmony-release/428/,https://github.com/harmony-one/harmony/commit/
7,427,2020/04/09 17:14:24,pangaea,t3,False,john-harmony,030eaaf481fa8760ee53b84ce9922f41684cb447,http://jenkins.harmony.one/job/harmony-release/427/,https://github.com/harmony-one/harmony/commit/
8,426,2020/04/09 17:05:51,pangaea,t3,True,john-harmony,030eaaf481fa8760ee53b84ce9922f41684cb447,http://jenkins.harmony.one/job/harmony-release/426/,https://github.com/harmony-one/harmony/commit/
9,425,2020/04/08 14:32:39,stressnet,master,True,john-harmony,030eaaf481fa8760ee53b84ce9922f41684cb447,http://jenkins.harmony.one/job/harmony-release/425/,https://github.com/harmony-one/harmony/commit/
10,424,2020/04/08 12:48:01,stressnet,master,False,john-harmony,030eaaf481fa8760ee53b84ce9922f41684cb447,http://jenkins.harmony.one/job/harmony-release/424/,https://github.com/harmony-one/harmony/commit/
11,423,2020/04/08 12:42:19,stressnet,master,True,john-harmony,030eaaf481fa8760ee53b84ce9922f41684cb447,http://jenkins.harmony.one/job/harmony-release/423/,https://github.com/harmony-one/harmony/commit/
12,422,2020/04/08 11:56:47,stressnet,master,True,john-harmony,81c827e357fe1fdf8627390a44833bf99c12dedc,http://jenkins.harmony.one/job/harmony-release/422/,https://github.com/harmony-one/harmony/commit/
13,421,2020/04/06 18:04:56,pangaea,t3,True,Rongjian Lan,1ca1f0d678619ea24e4d0ede122ba641041bdd0f,http://jenkins.harmony.one/job/harmony-release/421/,https://github.com/harmony-one/harmony/commit/
14,420,2020/04/06 15:33:54,stressnet,master,True,john-harmony,054c3cbb8e798de779a59c87c22877b365b36061,http://jenkins.harmony.one/job/harmony-release/420/,https://github.com/harmony-one/harmony/commit/
15,419,2020/04/06 15:31:29,stressnet,master,True,Daniel Van Der Maden,054c3cbb8e798de779a59c87c22877b365b36061,http://jenkins.harmony.one/job/harmony-release/419/,https://github.com/harmony-one/harmony/commit/
16,418,2020/04/06 15:15:44,stressnet,t3,True,Daniel Van Der Maden,a876df67bdfe982c52256c7c11c897c97a0d6412,http://jenkins.harmony.one/job/harmony-release/418/,https://github.com/harmony-one/harmony/commit/
17,417,2020/04/06 14:16:47,stressnet,t3,True,Daniel Van Der Maden,a876df67bdfe982c52256c7c11c897c97a0d6412,http://jenkins.harmony.one/job/harmony-release/417/,https://github.com/harmony-one/harmony/commit/
18,416,2020/04/06 14:09:38,stressnet,master,False,john-harmony,054c3cbb8e798de779a59c87c22877b365b36061,http://jenkins.harmony.one/job/harmony-release/416/,https://github.com/harmony-one/harmony/commit/
19,415,2020/04/06 14:07:41,stressnet,master,True,john-harmony,054c3cbb8e798de779a59c87c22877b365b36061,http://jenkins.harmony.one/job/harmony-release/415/,https://github.com/harmony-one/harmony/commit/
20,414,2020/04/06 13:50:51,stressnet,master,True,john-harmony,054c3cbb8e798de779a59c87c22877b365b36061,http://jenkins.harmony.one/job/harmony-release/414/,https://github.com/harmony-one/harmony/commit/
21,413,2020/04/06 00:08:28,pangaea,t3,True,Rongjian Lan,a876df67bdfe982c52256c7c11c897c97a0d6412,http://jenkins.harmony.one/job/harmony-release/413/,https://github.com/harmony-one/harmony/commit/
22,412,2020/04/05 21:44:44,pangaea,t3,True,Rongjian Lan,0c46e086734aea2140f306d28ca3aa10e73c2153,http://jenkins.harmony.one/job/harmony-release/412/,https://github.com/harmony-one/harmony/commit/
23,411,2020/04/05 20:08:08,pangaea,t3,True,Rongjian Lan,5b2e041464786c5d6aab7999445d2de8c120ce66,http://jenkins.harmony.one/job/harmony-release/411/,https://github.com/harmony-one/harmony/commit/
24,410,2020/04/05 19:05:02,pangaea,t3,False,john-harmony,2c114f809a68c45ea2e9d7707be4ebb8c4d54d04,http://jenkins.harmony.one/job/harmony-release/410/,https://github.com/harmony-one/harmony/commit/
25,409,2020/04/05 18:56:37,pangaea,t3,True,john-harmony,2c114f809a68c45ea2e9d7707be4ebb8c4d54d04,http://jenkins.harmony.one/job/harmony-release/409/,https://github.com/harmony-one/harmony/commit/
26,408,2020/04/05 17:46:13,pangaea,t3,True,Rongjian Lan,2c114f809a68c45ea2e9d7707be4ebb8c4d54d04,http://jenkins.harmony.one/job/harmony-release/408/,https://github.com/harmony-one/harmony/commit/
27,407,2020/04/05 14:52:57,pangaea,t3,False,john-harmony,804d2fce906dcf38f336bf5c0e5623ed86120dbf,http://jenkins.harmony.one/job/harmony-release/407/,https://github.com/harmony-one/harmony/commit/
28,406,2020/04/05 14:51:15,pangaea,t3,True,john-harmony,804d2fce906dcf38f336bf5c0e5623ed86120dbf,http://jenkins.harmony.one/job/harmony-release/406/,https://github.com/harmony-one/harmony/commit/
29,405,2020/04/05 13:23:56,pangaea,t3,False,john-harmony,d64bcfafd036d37b437cdd2c114d4e41bc08d0d3,http://jenkins.harmony.one/job/harmony-release/405/,https://github.com/harmony-one/harmony/commit/
30,404,2020/04/05 13:21:32,pangaea,t3,True,john-harmony,d64bcfafd036d37b437cdd2c114d4e41bc08d0d3,http://jenkins.harmony.one/job/harmony-release/404/,https://github.com/harmony-one/harmony/commit/
31,403,2020/04/05 09:35:52,pangaea,t3,False,john-harmony,d64bcfafd036d37b437cdd2c114d4e41bc08d0d3,http://jenkins.harmony.one/job/harmony-release/403/,https://github.com/harmony-one/harmony/commit/
32,402,2020/04/05 09:23:14,pangaea,t3,True,john-harmony,d64bcfafd036d37b437cdd2c114d4e41bc08d0d3,http://jenkins.harmony.one/job/harmony-release/402/,https://github.com/harmony-one/harmony/commit/
33,401,2020/04/04 22:07:56,pangaea,t3,False,john-harmony,9013069ad7f5d06ab4db7a345bef4acbd8de0751,http://jenkins.harmony.one/job/harmony-release/401/,https://github.com/harmony-one/harmony/commit/
34,400,2020/04/04 22:05:39,pangaea,t3,True,john-harmony,9013069ad7f5d06ab4db7a345bef4acbd8de0751,http://jenkins.harmony.one/job/harmony-release/400/,https://github.com/harmony-one/harmony/commit/
35,399,2020/04/04 10:27:51,pangaea,t3,False,john-harmony,56d19d2a84d2530123cf0c5366ce71350dd971c1,http://jenkins.harmony.one/job/harmony-release/399/,https://github.com/harmony-one/harmony/commit/
36,398,2020/04/04 10:24:07,pangaea,t3,True,john-harmony,56d19d2a84d2530123cf0c5366ce71350dd971c1,http://jenkins.harmony.one/job/harmony-release/398/,https://github.com/harmony-one/harmony/commit/
37,397,2020/04/03 18:25:18,pangaea,t3,False,john-harmony,56d19d2a84d2530123cf0c5366ce71350dd971c1,http://jenkins.harmony.one/job/harmony-release/397/,https://github.com/harmony-one/harmony/commit/
38,396,2020/04/03 18:22:17,pangaea,t3,True,john-harmony,56d19d2a84d2530123cf0c5366ce71350dd971c1,http://jenkins.harmony.one/job/harmony-release/396/,https://github.com/harmony-one/harmony/commit/
39,395,2020/04/03 16:31:12,stressnet,t3,False,john-harmony,56d19d2a84d2530123cf0c5366ce71350dd971c1,http://jenkins.harmony.one/job/harmony-release/395/,https://github.com/harmony-one/harmony/commit/
40,394,2020/04/03 16:28:19,stressnet,t3,True,john-harmony,56d19d2a84d2530123cf0c5366ce71350dd971c1,http://jenkins.harmony.one/job/harmony-release/394/,https://github.com/harmony-one/harmony/commit/
41,393,2020/04/03 15:34:36,stressnet,t3,False,john-harmony,64fd469741d5889c3631fbb109532a2bbc4cd6b2,http://jenkins.harmony.one/job/harmony-release/393/,https://github.com/harmony-one/harmony/commit/
42,392,2020/04/03 15:31:58,stressnet,t3,True,john-harmony,64fd469741d5889c3631fbb109532a2bbc4cd6b2,http://jenkins.harmony.one/job/harmony-release/392/,https://github.com/harmony-one/harmony/commit/
43,391,2020/04/02 15:13:30,mainnet,s3,False,Leo Chen,80ea0ce95b2017ef12e77662f1c745e5c49a4b98,http://jenkins.harmony.one/job/harmony-release/391/,https://github.com/harmony-one/harmony/commit/
44,390,2020/04/02 15:11:56,mainnet,s3,True,Leo Chen,80ea0ce95b2017ef12e77662f1c745e5c49a4b98,http://jenkins.harmony.one/job/harmony-release/390/,https://github.com/harmony-one/harmony/commit/
45,389,2020/04/02 14:09:32,pangaea,t3,False,john-harmony,888c10acedf3b35ad5836090da6933971f629111,http://jenkins.harmony.one/job/harmony-release/389/,https://github.com/harmony-one/harmony/commit/
46,388,2020/04/02 14:07:22,pangaea,t3,True,john-harmony,888c10acedf3b35ad5836090da6933971f629111,http://jenkins.harmony.one/job/harmony-release/388/,https://github.com/harmony-one/harmony/commit/
47,387,2020/04/02 13:01:13,stressnet,t3,False,john-harmony,888c10acedf3b35ad5836090da6933971f629111,http://jenkins.harmony.one/job/harmony-release/387/,https://github.com/harmony-one/harmony/commit/
48,386,2020/04/02 12:59:10,stressnet,t3,True,john-harmony,888c10acedf3b35ad5836090da6933971f629111,http://jenkins.harmony.one/job/harmony-release/386/,https://github.com/harmony-one/harmony/commit/
49,385,2020/04/02 12:02:14,upgrade,s3,True,Andy Wu,00b3abe94f9b3c29c34723973a66943b1e9266a1,http://jenkins.harmony.one/job/harmony-release/385/,https://github.com/harmony-one/harmony/commit/
